TITLE,SKU,IMG_URLS
Accessorio Glamour Waves per styler Twist & Style GT22 140,11772,https://bellissima.com/it/media/catalog/product/a/c/accessorio-glamour-waves-per-styler-twist-_-style-gt22-140-11772-gallery_0.jpg
Accessorio Loose Waves per styler Twist & Style GT22 130,11770,https://bellissima.com/it/media/catalog/product/a/c/accessorio-loose-waves-per-styler-twist_style-gt22-130-11770-gallery_0.jpg
Accessorio Sculpted Curls per styler Twist & Style GT22 120,11769,https://bellissima.com/it/media/catalog/product/a/c/accessorio-sculpted-curls-per-styler-twist-_-style-gt22-120-11769-gallery_0.jpg
Accessorio Soft Curls per styler Twist & Style GT22 110,11768,https://bellissima.com/it/media/catalog/product/a/c/accessorio-soft-curls-per-styler-twist-_-style-gt22-110-11768-gallery_0.jpg
Arricciacapelli per ricci definiti GT15 100,11225X,https://bellissima.com/it/media/catalog/product/a/r/arricciacapelli-per-ricci-definiti-gt15-100-11225x-gallery_0.jpg
Base per styler componibile Twist & Style GT22 100,11749,https://bellissima.com/it/media/catalog/product/b/a/base-per-styler-componibile-twist_style-gt22-100-11749-gallery_0_1.jpg
Arricciacapelli conico rivestito in ceramica GT15 200,11424X,https://bellissima.com/it/media/catalog/product/a/r/arricciacapelli-conico-rivestito-in-ceramica-gt15-200-11424x-gallery_0.jpg
Accessorio Mermaid Waves per styler Twist & Style,11837,https://bellissima.com/it/media/catalog/product/a/c/accessorio-mermaid-waves-per-styler-twist-_-style-11837-gallery_0.jpg
Accessorio Hollywood Waves per styler Twist & Style,11838,https://bellissima.com/it/media/catalog/product/a/c/accessorio-hollywood-waves-per-styler-twist-_-style-11838-gallery_0.jpg
Diffusore ad aria calda Diffon Ceramic DF1 3000,11799,https://bellissima.com/it/media/catalog/product/d/i/diffusore-ad-aria-calda-diffon-ceramic-df1-3000-11799-gallery_0.jpg
Asciugacapelli motore digitale e ioni Hydra Sonic P6 4400,11806,https://bellissima.com/it/media/catalog/product/a/s/asciugacapelli-motore-digitale-e-ioni-hydra-sonic-p6-4400-11806-gallery_0.jpg
Asciugacapelli professionale Ceramic P5 3800,11665,https://bellissima.com/it/media/catalog/product/a/s/asciugacapelli-professionale-ceramic-p5-3800-11665-gallery_0.jpg
Asciugacapelli potente professionale con ioni P3 3400,11728,https://bellissima.com/it/media/catalog/product/a/s/asciugacapelli-potente-professionale-con-ioni-p3-3400-11728-gallery_0.jpg
"Asciugacapelli professionale, diffusore e concentratore P11 2300",11463X,https://bellissima.com/it/media/catalog/product/a/s/asciugacapelli-professionale-diffusore-e-concentratore-p11-2300-11463x-gallery_0.jpg
Asciugacapelli professionale con ionizzatore P2 2200,11312X,https://bellissima.com/it/media/catalog/product/a/s/asciugacapelli-professionale-con-ionizzatore-p2-2200-11312x-gallery_0.jpg
Asciugacapelli con tecnologia a ioni K9 2300,11523,https://bellissima.com/it/media/catalog/product/a/s/asciugacapelli-con-tecnologia-a-ioni-k9-2300-11523-gallery_0.jpg
Asciugacapelli con motore Power S5 2200,11072X,https://bellissima.com/it/media/catalog/product/a/s/asciugacapelli-con-motore-power-s5-2200-11072x-gallery_0.jpg
Asciugacapelli veloce e comodo S9 2200,11520,https://bellissima.com/it/media/catalog/product/a/s/asciugacapelli-veloce-e-comodo-s9-2200-11520-gallery_0.jpg
Asciugacapelli professionale con accessori Creativity 4 You,11826,https://bellissima.com/it/media/catalog/product/a/s/asciugacapelli-professionale-creativity4you-111826-gallery_0.jpg
Piastra per onde e liscio 2 in 1 Straight&Waves B29 100,11642A,https://bellissima.com/it/media/catalog/product/p/i/piastra-per-onde-e-liscio-2-in-1-straight-_-waves-b29-100-11642-gallery_0.jpg
Piastra lisci e mossi a infrarossi Creativity Infrared B8 200,11725,https://bellissima.com/it/media/catalog/product/p/i/piastra-lisci-e-mossi-a-infrarossi-creativity-infrared-b8-200-11725-gallery_0.jpg
Piastra con Intellistyle Technology Intellisense B24 100,11493X,https://bellissima.com/it/media/catalog/product/p/i/piastra-con-intellistyle-technology-intellisense-b24-100-11493x-gallery_0.jpg
Piastra professionale a vapore Steam B28 100,11632A,https://bellissima.com/it/media/catalog/product/p/i/piastra-professionale-a-vapore-steam-b28-100-11632a-gallery_0.jpg
Piastra professionale Creativity Color Shine B22 100,11420X,https://bellissima.com/it/media/catalog/product/p/i/piastra-professionale-creativity-color-shine-b22-100-11420x-gallery_0.jpg
Piastra lisciante da viaggio B9 100,11140X,https://bellissima.com/it/media/catalog/product/p/i/piastra-lisciante-da-viaggio-b9-100-11140x-gallery_0.jpg
Piastra con rivestimento in ceramica Mini BM 200,11640,https://bellissima.com/it/media/catalog/product/p/i/piastra-con-rivestimento-in-ceramica-mini-bm-200-11640-gallery_0.jpg
Piastra extra large e rivestimento in ceramica B26 100,11494X,https://bellissima.com/it/media/catalog/product/p/i/piastra-extra-large-e-rivestimento-in-ceramica-b26-100-11494x-gallery_0.jpg
Piastra rivestimento ceramica e cheratina Creativity B9 400,11249X,https://bellissima.com/it/media/catalog/product/p/i/piastra-cheratina-e-ceramica-creativity-b9-400-11249x-gallery_0.jpg
Piastra con piastre esterne riscaldate B27 100,11504X,https://bellissima.com/it/media/catalog/product/p/i/piastra-con-piastre-esterne-riscaldate-b27-100-11504x-gallery_0.jpg
Piastra per onde Beach Waves 2 in 1 GT20 400,11738,https://bellissima.com/it/media/catalog/product/p/i/piastra-per-onde-beach-waves-2-in-1-gt20-400-11738-gallery_0.jpg
Piastra per onde naturali o definite Beach Waves GT20 100,11619Y,https://bellissima.com/it/media/catalog/product/p/i/piastra-per-onde-naturali-o-definite-beach-wave-gt20-100-11619y-gallery_0.jpg
Piastra con rivestimento in ceramica B9 300,11144X,https://bellissima.com/it/media/catalog/product/p/i/piastra-con-rivestimento-in-ceramica-b9-300-11144x-gallery_0.jpg
Piastra a vapore professionale Steam Elixir,11808,https://bellissima.com/it/media/catalog/product/p/i/piastra-a-vapore-professionale-steam-elixir-11808-gallery_0.jpg
Spazzola automatica ad aria calda Miracle Wave GH19 1100,11747,https://bellissima.com/it/media/catalog/product/s/p/spazzola-automatica-ad-aria-calda-miracle-waves-gh19-1100-11747-gallery_0.jpg
Spazzola ad aria 5 in 1 Dry&Style System GH18 1100,11726,https://bellissima.com/it/media/catalog/product/s/p/spazzola-ad-aria-5-in-1-dry_style-system-gh18-1100-11726-gallery0_0.jpg
Spazzola elettrica lisciante Magic Straight Brush PB5 100,11508X,https://bellissima.com/it/media/catalog/product/s/p/spazzola-elettrica-lisciante-magic-straight-brush-pb5-100-11508x-gallery_0.jpg
Spazzola lisciante professionale Magic Straight Brush PB11 100,11539,https://bellissima.com/it/media/catalog/product/s/p/spazzola-lisciante-professionale-magic-straight-pb11-100-11539-gallery_0.jpg
Spazzola riscaldata liscio o mosso Magic Style PB 230,11737,https://bellissima.com/it/media/catalog/product/s/p/spazzola-riscaldata-liscio-o-mosso-magic-style-pb-230-11737-gallery_0.jpg
Spazzola ad aria con 2 accessori per ricci morbidi GH16 400,11234X,https://bellissima.com/it/media/catalog/product/s/p/spazzola-ad-aria-con-2-accessori-per-ricci-morbidi-gh16-400-11234x-gallery_0.jpg
Spazzola ad aria calda rotante in ceramica e ioni BHS4 1100,11739,https://bellissima.com/it/media/catalog/product/s/p/spazzola-ad-aria-calda-rotante-in-ceramica-e-ioni-bhs-1100-11739-gallery_0.jpg
"Spazzola ad aria calda con ioni, ceramica e cheratina Air Wonder 8 in 1",11847,https://bellissima.com/it/media/catalog/product/s/p/spazzola-ad-aria-calda-con-ioni-ceramica-e-cheratina-air-wonder-8-in-1-11847-gallery_0_2.jpg
Spazzola ad aria Revolution  BHS4 100,11422X,https://bellissima.com/it/media/catalog/product/s/p/spazzola_ad_aria_revolution_bhs4_100-11422x-gallery_0.jpg
Kit asciugacapelli pro P5 3800 e spazzola riscaldata PB 230,KIT_11665-11737,https://bellissima.com/it/media/catalog/product/k/i/kit-asciugacapelli-pro-p5-3800-e-spazzola-riscaldata-pb-230-11665-11737-gallery_0.jpg
Kit piastra beach waves B29 100 e asciugacapelli P5 3800,KIT_11665-11642A,https://bellissima.com/it/media/catalog/product/k/i/kit-piastra-beach-waves-b29-100-e-asciugacapelli-p5-3800-11665-11642-gallery_0.jpg
Kit onde morbide o ampie con base Twist & Style e 2 accessori,KIT_11749-11770-11772,https://bellissima.com/it/media/catalog/product/k/i/kit-onde-morbide--ampie-con-base-t_s-e-2-accessori-11749-11770-11772-gallety_0.jpg
Kit ricci morbidi o stretti con base Twist & Style e 2 accessori,KIT_11749-11769-11768,https://bellissima.com/it/media/catalog/product/k/i/kit-ricci-morbidi-o-stretti-con-base-t_s-e-2-accessori-11749-11769-11768-gallery_0.jpg
Kit onde ampie o effetto mare Twist & Style con 2 accessori,KIT_11749-11837-11838,https://bellissima.com/it/media/catalog/product/k/i/kit-onde-ampie-o-effetto-mare-t_s-con-2-accessori-11749-11837-11838-gallery_0.jpg
Kit completo look super onde e ricci Twist & Style con 6 accessori,KIT_11749-11768-11769-11770-11772-11837-11838,https://bellissima.com/it/media/catalog/product/k/i/kit-completo-onde-e-ricci-11749-11769-11768-11772-11770-11837-11838_gallery_0.jpg
Kit accessori per look onde da diva Twist & Style,KIT_11837-11838,https://bellissima.com/it/media/catalog/product/k/i/kit-accessori-per-look-onde-da-diva-t_s-11837-11838-gallery_0.jpg
Kit ricci scolpiti con base Twist & Style e 1 accessorio,KIT_11749-11769,https://bellissima.com/it/media/catalog/product/k/i/kit-ricci-scolpiti-con-base-t_s-e-1-accessorio-11749-11769-gallery_0.jpg
Kit ricci stretti e onde morbide Twist & Style con 2 accessori,KIT_11749-11769-11770,https://bellissima.com/it/media/catalog/product/k/i/kit-ricci-stretti-e-onde-morbide-t_s-con-2-accessori-11749-11769-11770-gallery_0.jpg
Kit asciugacapelli P3 3400 e piastra Creativity Infrared B8 200,KIT_11728-11725,https://bellissima.com/it/media/catalog/product/k/i/kit-asciugacapelli-p3-3400-e-piastra-creativity-infrared-b8-200-11728-11725-gallery_0.jpg
Spazzola professionale lisciante e modellante Magic Shine,11879,https://bellissima.com/it/media/catalog/product/s/p/spazzola-lisciante-professionale-magic-shine-11879-gallery_0.jpg
Diffon Federa in seta color bianca per ricci,11927,https://bellissima.com/it/media/catalog/product/1/_/1_3.jpg
Diffon Federa in seta color crema per ricci,11928,https://bellissima.com/it/media/catalog/product/1/1/11.jpg
Diffon Kit ricci da sogno con Diffusore Diffon Supreme e federa in seta crema,KIT_11824_11928,https://bellissima.com/it/media/catalog/product/1/_/1_2_2.jpg
Diffon Kit ricci da sogno con Diffusore Diffon Supreme  e federa in seta bianca,KIT_11824_11927,https://bellissima.com/it/media/catalog/product/1/_/1_4.jpg
Kit Twist & Style 3 in 1,11888A,https://bellissima.com/it/media/catalog/product/k/i/kit-multi-twist-style-11888a_gallery_1-feed_1.jpg
Asciugacapelli professionale con azione anticrespo P7 3200,11858,https://bellissima.com/it/media/catalog/product/a/s/asciugacapelli-professionale-con-azione-anticrespo-p7-3200-11858-galley-0.jpg
Asciugacapelli con ioni e diffusore professionale K9 2500,11860,https://bellissima.com/it/media/catalog/product/a/s/asciugacapelli-con-ioni-e-_diffusore-professionale-k9_2500-11860-gallery-0.jpg
Asciugacapelli Asciugacapelli professionale con Ceramic Diamond & Keratin Cyber Glam,11907,https://bellissima.com/it/media/catalog/product/a/s/asciugacapelli-cyber-glam-11907-gallery_0.jpg
Spazzola ad aria calda con Ceramic Diamond & Keratin Cyber Glam,11908,https://bellissima.com/it/media/catalog/product/m/o/modellatore-ad-aria-cyber-glam-11908-gallery_0.jpg
Diffon Diffusore ad aria calda con Ceramic Diamond & Keratin Diffon Cyber Glam,11909,https://bellissima.com/it/media/catalog/product/d/i/diffon-cyber-glam-11909-gallery_0.jpg
Piastra a vapore con Ceramic Diamond & Keratin Cyber Glam,11906,https://bellissima.com/it/media/catalog/product/p/i/piastra-a-vapore-cyber-glam-11906-gallery_0.jpg
